team1,team2,odds,match_url
Germany W,Poland W,"[1.08, 11.46, 24.69]",https://www.oddsportal.com/matches/baseball/20250706/
Crusaders W,Cliftonville W,"[31.07, 10.07, 1.03]",https://www.oddsportal.com/matches/baseball/20250706/
Fluminense,Al Hilal,"[3.11, 3.17, 2.44]",https://www.oddsportal.com/matches/baseball/20250706/
Senegal,Guinea,"[1.89, 3.47, 3.68]",https://www.oddsportal.com/matches/baseball/20250706/
Fylkir,IR Reykjavik,"[2.38, 3.6, 2.52]",https://www.oddsportal.com/matches/baseball/20250706/
Leiknir,Fjolnir,"[1.74, 4.06, 3.66]",https://www.oddsportal.com/matches/baseball/20250706/
Haukar,Kari,"[1.57, 4.21, 4.35]",https://www.oddsportal.com/matches/baseball/20250706/
Throttur Vogar,Grotta,"[2.17, 3.74, 2.66]",https://www.oddsportal.com/matches/baseball/20250706/
Los Chankas,AD Tarma,"[2.48, 3.33, 2.71]",https://www.oddsportal.com/matches/baseball/20250706/
12 de Junio,Sp. Carapegua,"[1.97, 3.23, 3.49]",https://www.oddsportal.com/matches/baseball/20250706/
Puerto Cabello,Metropolitanos,"[2.17, 3.23, 3.14]",https://www.oddsportal.com/matches/baseball/20250706/
Recoleta,Sportivo Trinidense,"[3.12, 3.22, 2.22]",https://www.oddsportal.com/matches/baseball/20250706/
Wilstermann,Nacional Potosi,"[3.95, 3.64, 1.75]",https://www.oddsportal.com/matches/baseball/20250706/
Velo Clube U20,EC Sao Bernardo U20,"[2.99, 3.24, 2.17]",https://www.oddsportal.com/matches/baseball/20250706/
Coritiba,Volta Redonda,"[1.71, 3.3, 5.54]",https://www.oddsportal.com/matches/baseball/20250706/
Ituzaingo,Berazategui,"[2.13, 2.82, 3.56]",https://www.oddsportal.com/matches/baseball/20250706/
Taubate,Portuguesa Santista,"[2.49, 2.64, 3.19]",https://www.oddsportal.com/matches/baseball/20250706/
Nauas EC U20,Santa Cruz U20,"[15.5, 5.75, 1.15]",https://www.oddsportal.com/matches/baseball/20250706/
Piracicaba,Primavera,"[2.33, 2.95, 3.04]",https://www.oddsportal.com/matches/baseball/20250706/
Pittsburgh,New Mexico,"[1.8, 3.31, 4.26]",https://www.oddsportal.com/matches/baseball/20250706/
Carolina Core,Inter Miami II,"[1.48, 4.6, 4.85]",https://www.oddsportal.com/matches/baseball/20250706/
FC Naples,Tampa Bay,"[3.41, 3.12, 2.05]",https://www.oddsportal.com/matches/baseball/20250706/
Libertad,Dep. Cuenca,"[2.57, 3.26, 2.6]",https://www.oddsportal.com/matches/baseball/20250706/
La Guaira,Monagas,"[2.12, 3.3, 3.21]",https://www.oddsportal.com/matches/baseball/20250706/
Guabira,Independiente,"[1.61, 3.65, 4.86]",https://www.oddsportal.com/matches/baseball/20250706/
Austin FC II,Los Angeles FC II,"[1.55, 4.29, 4.51]",https://www.oddsportal.com/matches/baseball/20250706/
FC Dallas,Minnesota United,"[2.69, 3.6, 2.47]",https://www.oddsportal.com/matches/baseball/20250706/
Wanaka FC,Christchurch,"[33.5, 12.5, 1.05]",https://www.oddsportal.com/matches/baseball/20250706/
Dunedin City Royals,Nelson Suburbs,"[2.85, 3.9, 2.04]",https://www.oddsportal.com/matches/baseball/20250706/
El Paso,San Antonio,"[2.03, 3.36, 3.27]",https://www.oddsportal.com/matches/baseball/20250706/
Colorado Springs,Louisville City,"[2.82, 3.44, 2.24]",https://www.oddsportal.com/matches/baseball/20250706/
Palmeiras,Chelsea,"[4.04, 3.27, 2.02]",https://www.oddsportal.com/matches/baseball/20250706/
Colorado Rapids,Sporting Kansas City,"[1.71, 4.11, 4.4]",https://www.oddsportal.com/matches/baseball/20250706/
Auckland United,Melville,"[1.19, 6.35, 10.23]",https://www.oddsportal.com/matches/baseball/20250706/
Western Suburbs,Palmerston North United,"[1.06, 10.67, 21.33]",https://www.oddsportal.com/matches/baseball/20250706/
Wagga City Wanderers,Belconnen Utd.,"[5.53, 5.08, 1.37]",https://www.oddsportal.com/matches/baseball/20250706/
Los Angeles Galaxy,Vancouver Whitecaps,"[2.27, 3.56, 3.0]",https://www.oddsportal.com/matches/baseball/20250706/
Phoenix Rising,Lexington,"[1.89, 3.31, 3.85]",https://www.oddsportal.com/matches/baseball/20250706/
Las Vegas Lights,Sacramento Republic,"[3.36, 3.19, 2.08]",https://www.oddsportal.com/matches/baseball/20250706/
WS Wanderers U23,APIA Leichhardt,"[5.94, 5.2, 1.36]",https://www.oddsportal.com/matches/baseball/20250706/
Edgeworth E.,Maitland,"[1.42, 4.62, 5.46]",https://www.oddsportal.com/matches/baseball/20250706/
Weston Bears,Belmont Swansea Utd.,"[1.32, 5.56, 6.17]",https://www.oddsportal.com/matches/baseball/20250706/
Tonga W,Vanuatu W,"[1.81, 3.52, 3.81]",https://www.oddsportal.com/matches/baseball/20250706/
New Town,Taroona,"[1.66, 4.63, 3.53]",https://www.oddsportal.com/matches/baseball/20250706/
Canberra Juventus,ANU,"[3.36, 4.42, 1.71]",https://www.oddsportal.com/matches/baseball/20250706/
O'Connor Knights,Tuggeranong Utd,"[1.9, 4.05, 2.99]",https://www.oddsportal.com/matches/baseball/20250706/
Cooks Hill United,New Lambton,"[1.52, 4.51, 4.53]",https://www.oddsportal.com/matches/baseball/20250706/
Adelaide City,Adelaide Comets,"[1.77, 3.71, 3.77]",https://www.oddsportal.com/matches/baseball/20250706/
West Adelaide,Sturt Lions,"[2.35, 3.65, 2.44]",https://www.oddsportal.com/matches/baseball/20250706/
Melbourne City U21,Western Utd. U21,"[1.69, 4.31, 3.63]",https://www.oddsportal.com/matches/baseball/20250706/
North Sunshine Eagles,Brunswick City,"[2.0, 4.04, 2.8]",https://www.oddsportal.com/matches/baseball/20250706/
Langwarrin,Moreland City,"[1.74, 4.39, 3.31]",https://www.oddsportal.com/matches/baseball/20250706/
Hokkaido Consadole Sapporo,Renofa Yamaguchi,"[2.05, 3.34, 3.46]",https://www.oddsportal.com/matches/baseball/20250706/
Auckland United W,West Coast Rangers W,"[1.34, 5.45, 5.92]",https://www.oddsportal.com/matches/baseball/20250706/
Altona Magic,Heidelberg Utd,"[6.39, 4.8, 1.37]",https://www.oddsportal.com/matches/baseball/20250706/
Manningham United Blues,Kingston City,"[1.74, 4.28, 3.38]",https://www.oddsportal.com/matches/baseball/20250706/
West Canberra Wanderers,Brindabella,"[5.95, 5.26, 1.33]",https://www.oddsportal.com/matches/baseball/20250706/
Adelaide Croatia Raiders,Modbury Jets,"[2.87, 3.69, 2.09]",https://www.oddsportal.com/matches/baseball/20250706/
Adelaide United U23,Para,"[1.69, 4.22, 3.7]",https://www.oddsportal.com/matches/baseball/20250706/
Campbelltown City,Croydon,"[2.26, 3.71, 2.58]",https://www.oddsportal.com/matches/baseball/20250706/
SWQ Thunder,Rochedale,"[7.05, 5.88, 1.27]",https://www.oddsportal.com/matches/baseball/20250706/
Cumberland Utd.,Adelaide Cobras,"[1.89, 3.79, 3.19]",https://www.oddsportal.com/matches/baseball/20250706/
Blue Eagles,South Adelaide,"[1.42, 4.69, 5.37]",https://www.oddsportal.com/matches/baseball/20250706/
Salisbury Utd.,Cove FC,"[1.63, 4.17, 3.96]",https://www.oddsportal.com/matches/baseball/20250706/
Adelaide Vipers,Fulham Utd.,"[4.52, 4.15, 1.55]",https://www.oddsportal.com/matches/baseball/20250706/
Adamstown Rosebud,Broadmeadow,"[7.16, 5.32, 1.29]",https://www.oddsportal.com/matches/baseball/20250706/
Australia W,Panama W,"[1.09, 8.03, 15.84]",https://www.oddsportal.com/matches/baseball/20250706/
Southside Eagles,Ipswich,"[3.87, 4.57, 1.6]",https://www.oddsportal.com/matches/baseball/20250706/
Peninsula,Gold Coast Utd,"[1.22, 5.72, 9.38]",https://www.oddsportal.com/matches/baseball/20250706/
Olympic Kingsway,Perth RedStar,"[1.74, 3.89, 3.74]",https://www.oddsportal.com/matches/baseball/20250706/
Fremantle City,Stirling Macedonia,"[4.34, 4.32, 1.58]",https://www.oddsportal.com/matches/baseball/20250706/
Perth SC,Sorrento,"[1.74, 3.9, 3.63]",https://www.oddsportal.com/matches/baseball/20250706/
Floreat Athena,Perth Glory U23,"[4.13, 4.51, 1.57]",https://www.oddsportal.com/matches/baseball/20250706/
Balcatta,Armadale,"[2.84, 3.76, 2.08]",https://www.oddsportal.com/matches/baseball/20250706/
Bayswater,Western Knights,"[1.53, 4.4, 4.52]",https://www.oddsportal.com/matches/baseball/20250706/
Macarthur Rams,Northern Tigers,"[3.46, 3.95, 1.77]",https://www.oddsportal.com/matches/baseball/20250706/
Bankstown City Lions,Inter Lions,"[2.52, 3.65, 2.28]",https://www.oddsportal.com/matches/baseball/20250706/
Rydalmere Lions,UNSW,"[2.82, 3.59, 2.11]",https://www.oddsportal.com/matches/baseball/20250706/
Newcastle Jets U23,Bulls Academy,"[2.3, 3.63, 2.51]",https://www.oddsportal.com/matches/baseball/20250706/
SD Raiders,Bonnyrigg White Eagles,"[1.52, 4.4, 4.54]",https://www.oddsportal.com/matches/baseball/20250706/
Nedlands,Murdoch Melville,"[1.49, 4.29, 4.9]",https://www.oddsportal.com/matches/baseball/20250706/
Mandurah City,Subiaco,"[2.3, 3.46, 2.59]",https://www.oddsportal.com/matches/baseball/20250706/
Curtin Univ,Gosnells City,"[2.02, 3.67, 2.93]",https://www.oddsportal.com/matches/baseball/20250706/
Joondalup,Kalamunda City,"[1.79, 3.76, 3.55]",https://www.oddsportal.com/matches/baseball/20250706/
Fiji W,Solomon Islands W,"[1.09, 7.6, 17.0]",https://www.oddsportal.com/matches/baseball/20250706/
Chuncheon,Siheung Citizen,"[4.37, 3.41, 1.74]",https://www.oddsportal.com/matches/baseball/20250706/
NWS Spirit,Manly Utd,"[1.76, 3.8, 3.79]",https://www.oddsportal.com/matches/baseball/20250706/
FK Beograd,Playford Patriots,"[2.19, 3.73, 2.67]",https://www.oddsportal.com/matches/baseball/20250706/
Monaro Panthers,Queanbeyan City,"[1.43, 4.86, 5.01]",https://www.oddsportal.com/matches/baseball/20250706/
Wollongong Wolves,St George Saints,"[1.79, 3.75, 3.72]",https://www.oddsportal.com/matches/baseball/20250706/
Brisbane City,Wynnum Wolves,"[1.67, 4.21, 3.85]",https://www.oddsportal.com/matches/baseball/20250706/
Domzale (Slo),Jadran Dekani (Slo),"[1.43, 4.2, 5.99]",https://www.oddsportal.com/matches/baseball/20250706/
Adelaide Olympic,Pontian Eagles,"[1.3, 5.32, 6.87]",https://www.oddsportal.com/matches/baseball/20250706/
Kazincbarcikai (Hun),Mezokovesd-Zsory (Hun),"[1.77, 3.78, 4.25]",https://www.oddsportal.com/matches/baseball/20250706/
Philippines W,Hong Kong W,"[1.07, 8.81, 16.34]",https://www.oddsportal.com/matches/baseball/20250706/
Dandenong Thunder,Oakleigh Cannons,"[3.23, 3.35, 2.04]",https://www.oddsportal.com/matches/baseball/20250706/
Hills United,Canterbury Bankstown,"[1.62, 3.9, 4.27]",https://www.oddsportal.com/matches/baseball/20250706/
Mounties Wanderers FC,Dulwich Hill,"[2.01, 3.65, 2.96]",https://www.oddsportal.com/matches/baseball/20250706/
Dianella White Eagle,Gwelup Croatia,"[1.47, 4.26, 5.08]",https://www.oddsportal.com/matches/baseball/20250706/
Guangxi Hengchen,Guangdong Mingtu,"[1.23, 5.12, 10.67]",https://www.oddsportal.com/matches/baseball/20250706/
Machida,Shimizu S-Pulse,"[1.86, 3.53, 4.13]",https://www.oddsportal.com/matches/baseball/20250706/
Blaublitz,Mito,"[3.55, 3.1, 2.11]",https://www.oddsportal.com/matches/baseball/20250706/
V-Varen Nagasaki,Oita Trinita,"[1.7, 3.61, 4.71]",https://www.oddsportal.com/matches/baseball/20250706/
Tochigi City,Ryukyu,"[1.54, 3.95, 5.19]",https://www.oddsportal.com/matches/baseball/20250706/
Yamaga,Kusatsu,"[2.13, 3.32, 3.08]",https://www.oddsportal.com/matches/baseball/20250706/
Kanazawa,Fukushima Utd,"[1.62, 3.75, 4.75]",https://www.oddsportal.com/matches/baseball/20250706/
Azul Claro Numazu,Kochi United,"[2.66, 3.19, 2.46]",https://www.oddsportal.com/matches/baseball/20250706/
Nara Club,Giravanz Kitakyushu,"[2.8, 3.06, 2.41]",https://www.oddsportal.com/matches/baseball/20250706/
Westerlo (Bel),St. Truiden (Bel),"[2.07, 3.71, 2.97]",https://www.oddsportal.com/matches/baseball/20250706/
Tychy (Pol),Brno (Cze),"[2.35, 3.42, 2.58]",https://www.oddsportal.com/matches/baseball/20250706/
Puszcza (Pol),KS Wieczysta Krakow (Pol),"[2.7, 3.58, 2.18]",https://www.oddsportal.com/matches/baseball/20250706/
Zilina (Svk),Karvina (Cze),"[2.17, 3.63, 2.72]",https://www.oddsportal.com/matches/baseball/20250706/
Luzern (Sui),Winterthur (Sui),"[1.52, 4.64, 4.58]",https://www.oddsportal.com/matches/baseball/20250706/
MK Dons (Eng),St. Mirren (Sco),"[4.04, 4.29, 1.64]",https://www.oddsportal.com/matches/baseball/20250706/
Polonia Bytom (Pol),Michalovce (Svk),"[3.12, 3.43, 2.03]",https://www.oddsportal.com/matches/baseball/20250706/
Lugano (Sui),Rapperswil-Jona (Sui),"[1.22, 5.82, 9.93]",https://www.oddsportal.com/matches/baseball/20250706/
Prostejov (Cze),Skalica (Svk),"[2.63, 3.46, 2.27]",https://www.oddsportal.com/matches/baseball/20250706/
Mlada Boleslav (Cze),Dukla Prague (Cze),"[1.71, 3.47, 4.48]",https://www.oddsportal.com/matches/baseball/20250706/
Komarno (Svk),SK Rapid II (Aut),"[1.72, 3.81, 3.85]",https://www.oddsportal.com/matches/baseball/20250706/
Chrobry Glogow (Pol),Swit Szczecin (Pol),"[1.83, 3.63, 3.53]",https://www.oddsportal.com/matches/baseball/20250706/
Zizkov (Cze),Pribram (Cze),"[1.58, 4.06, 4.45]",https://www.oddsportal.com/matches/baseball/20250706/
Vasas (Hun),Samorin (Svk),"[1.47, 4.34, 5.51]",https://www.oddsportal.com/matches/baseball/20250706/
Liefering (Aut),Union Gurten (Aut),"[1.72, 3.56, 4.1]",https://www.oddsportal.com/matches/baseball/20250706/
Warta Poznan (Pol),Ostrava B (Cze),"[4.44, 3.78, 1.65]",https://www.oddsportal.com/matches/baseball/20250706/
St. Polten (Aut),Traiskirchen (Aut),"[1.27, 5.3, 7.78]",https://www.oddsportal.com/matches/baseball/20250706/
S. Wola (Pol),R. Rzeszow (Pol),"[1.62, 4.1, 4.2]",https://www.oddsportal.com/matches/baseball/20250706/
Zaglebie Sosnowiec (Pol),Podbeskidzie (Pol),"[2.82, 3.76, 2.05]",https://www.oddsportal.com/matches/baseball/20250706/
Ajka (Hun),SC Sopron (Hun),"[1.61, 3.68, 4.83]",https://www.oddsportal.com/matches/baseball/20250706/
St. George City,Mt Druitt Town,"[1.45, 4.39, 5.44]",https://www.oddsportal.com/matches/baseball/20250706/
Vanraure,Tegevajaro Miyazaki,"[2.08, 3.14, 3.37]",https://www.oddsportal.com/matches/baseball/20250706/
Okayama,Sanfrecce Hiroshima,"[4.18, 3.34, 1.9]",https://www.oddsportal.com/matches/baseball/20250706/
Eswatini U20,Botswana U20,"[3.07, 3.26, 2.13]",https://www.oddsportal.com/matches/baseball/20250706/
Kingsley Westside,Inglewood Utd,"[2.17, 3.52, 2.75]",https://www.oddsportal.com/matches/baseball/20250706/
Ugyen Academy,Tsirang,"[1.96, 3.8, 3.06]",https://www.oddsportal.com/matches/baseball/20250706/
HJK Akatemia W,ONS Oulu W,"[1.32, 5.27, 7.05]",https://www.oddsportal.com/matches/baseball/20250706/
EBK W,RoPS Rovaniemi W,"[1.0, 11.5, 38.0]",https://www.oddsportal.com/matches/baseball/20250706/
Kashiwa Reysol,FC Tokyo,"[1.77, 3.8, 4.24]",https://www.oddsportal.com/matches/baseball/20250706/
Kawasaki Frontale,Kashima Antlers,"[2.17, 3.59, 3.1]",https://www.oddsportal.com/matches/baseball/20250706/
Yokohama FC,Yokohama F. Marinos,"[2.39, 3.33, 2.9]",https://www.oddsportal.com/matches/baseball/20250706/
Nagoya Grampus,Verdy,"[2.09, 3.02, 3.94]",https://www.oddsportal.com/matches/baseball/20250706/
Kyoto,Albirex Niigata,"[1.97, 3.42, 3.81]",https://www.oddsportal.com/matches/baseball/20250706/
Cerezo Osaka,Gamba Osaka,"[2.24, 3.51, 3.01]",https://www.oddsportal.com/matches/baseball/20250706/
Vissel Kobe,Shonan Bellmare,"[1.56, 3.96, 5.81]",https://www.oddsportal.com/matches/baseball/20250706/
Vegalta Sendai,Toyama,"[1.69, 3.51, 4.87]",https://www.oddsportal.com/matches/baseball/20250706/
Omiya Ardija,Iwaki,"[1.87, 3.49, 3.85]",https://www.oddsportal.com/matches/baseball/20250706/
Chiba,Sagan Tosu,"[2.09, 3.26, 3.38]",https://www.oddsportal.com/matches/baseball/20250706/
Tokushima,Fujieda MYFC,"[1.87, 3.39, 4.02]",https://www.oddsportal.com/matches/baseball/20250706/
Imabari,Kofu,"[2.18, 2.99, 3.51]",https://www.oddsportal.com/matches/baseball/20250706/
Gainare Tottori,Kamatamare,"[2.38, 3.2, 2.75]",https://www.oddsportal.com/matches/baseball/20250706/
Kagoshima Utd,Tochigi SC,"[1.96, 3.17, 3.72]",https://www.oddsportal.com/matches/baseball/20250706/
Asan,Suwon Bluewings,"[3.01, 3.48, 2.14]",https://www.oddsportal.com/matches/baseball/20250706/
Jeonnam,Incheon,"[4.15, 3.44, 1.8]",https://www.oddsportal.com/matches/baseball/20250706/
Cheongju,Seoul E-Land,"[3.58, 3.56, 1.9]",https://www.oddsportal.com/matches/baseball/20250706/
Gyeongnam,Ansan Greeners,"[2.28, 3.27, 2.91]",https://www.oddsportal.com/matches/baseball/20250706/
Ulsan Citizen,Daejeon Korail,"[4.32, 3.42, 1.74]",https://www.oddsportal.com/matches/baseball/20250706/
Yeoju Citizen,Busan Kyotong,"[2.75, 3.14, 2.4]",https://www.oddsportal.com/matches/baseball/20250706/
K. Lierse S.K. (Bel),Dender (Bel),"[3.2, 3.88, 1.93]",https://www.oddsportal.com/matches/baseball/20250706/
Arka Gdynia (Pol),Chojniczanka (Pol),"[1.51, 4.0, 5.2]",https://www.oddsportal.com/matches/baseball/20250706/
De Treffers (Ned),De Graafschap (Ned),"[4.97, 4.3, 1.5]",https://www.oddsportal.com/matches/baseball/20250706/
L. Mikulas (Svk),Sandecja Nowy S. (Pol),"[1.81, 3.67, 3.57]",https://www.oddsportal.com/matches/baseball/20250706/
NE Metrostars,West Torrens,"[1.23, 5.83, 8.63]",https://www.oddsportal.com/matches/baseball/20250706/
SGS Essen W (Ger),PSV W (Ned),"[2.01, 3.78, 2.95]",https://www.oddsportal.com/matches/baseball/20250706/
Dalian K'un City,Shijiazhuang Gongfu,"[2.19, 3.25, 3.0]",https://www.oddsportal.com/matches/baseball/20250706/
Benfica,Must IPO,"[36.4, 18.4, 1.03]",https://www.oddsportal.com/matches/baseball/20250706/
Sotra,Sandnes,"[2.54, 3.63, 2.33]",https://www.oddsportal.com/matches/baseball/20250706/
Frigg,Alta 2,"[1.06, 15.0, 23.0]",https://www.oddsportal.com/matches/baseball/20250706/
Lillestrom 2,Assiden,"[2.19, 3.87, 2.41]",https://www.oddsportal.com/matches/baseball/20250706/
Bradford PA (Eng),FC Halifax (Eng),"[7.89, 5.59, 1.25]",https://www.oddsportal.com/matches/baseball/20250706/
GKS Katowice (Pol),S. Rzeszow (Pol),"[1.51, 4.04, 5.61]",https://www.oddsportal.com/matches/baseball/20250706/
Wil (Sui),Zurich (Sui),"[3.75, 3.88, 1.75]",https://www.oddsportal.com/matches/baseball/20250706/
Ajax (Ned),Hibernian (Sco),"[1.36, 4.84, 6.7]",https://www.oddsportal.com/matches/baseball/20250706/
Holstein Kiel II (Ger),Norderstedt (Ger),"[2.85, 3.55, 2.12]",https://www.oddsportal.com/matches/baseball/20250706/
Hunters,Khaan Khuns-Erchim,"[1.55, 4.62, 4.33]",https://www.oddsportal.com/matches/baseball/20250706/
Qingdao Red Lions,Shenzhen Juniors,"[2.16, 3.08, 3.22]",https://www.oddsportal.com/matches/baseball/20250706/
Dingnan Ganlian,Suzhou Dongwu,"[3.25, 3.27, 2.05]",https://www.oddsportal.com/matches/baseball/20250706/
Guangxi Pingguo Haliao,Shaanxi Union,"[3.63, 3.41, 1.89]",https://www.oddsportal.com/matches/baseball/20250706/
Hangzhou Linping,Nantong Haimen,"[2.41, 3.11, 2.69]",https://www.oddsportal.com/matches/baseball/20250706/
Shenzhen,Kunming City Star,"[1.38, 4.02, 7.8]",https://www.oddsportal.com/matches/baseball/20250706/
Wuhan Three Towns B,Guangxi Lanhang,"[1.43, 3.74, 7.4]",https://www.oddsportal.com/matches/baseball/20250706/
Chengdu Rongcheng B,Quanzhou Yassin,"[1.31, 4.61, 8.23]",https://www.oddsportal.com/matches/baseball/20250706/
Flora U21,Viimsi JK,"[4.96, 4.29, 1.52]",https://www.oddsportal.com/matches/baseball/20250706/
FC Tallinn,Tartu Welco,"[2.07, 3.91, 2.68]",https://www.oddsportal.com/matches/baseball/20250706/
Elva,Tallinna Kalev U21,"[1.21, 6.01, 8.63]",https://www.oddsportal.com/matches/baseball/20250706/
Levadia U21,Tammeka U21,"[1.29, 5.07, 7.16]",https://www.oddsportal.com/matches/baseball/20250706/
Tartu Kalev,Legion,"[1.76, 3.89, 3.35]",https://www.oddsportal.com/matches/baseball/20250706/
Haapsalu,Maardu,"[14.83, 8.12, 1.09]",https://www.oddsportal.com/matches/baseball/20250706/
Nomme Utd U21,Tabasalu,"[1.7, 3.93, 3.62]",https://www.oddsportal.com/matches/baseball/20250706/
MyPa,PEPO,"[2.22, 4.08, 2.49]",https://www.oddsportal.com/matches/baseball/20250706/
Narpes Kraft,GBK Kokkola,"[3.25, 4.3, 1.81]",https://www.oddsportal.com/matches/baseball/20250706/
JyPK W,PK-35 Helsinki W,"[3.37, 3.28, 1.96]",https://www.oddsportal.com/matches/baseball/20250706/
PKKU W,TPS W,"[2.32, 3.98, 2.34]",https://www.oddsportal.com/matches/baseball/20250706/
HamKam,Brann,"[3.85, 3.87, 1.84]",https://www.oddsportal.com/matches/baseball/20250706/
Cambridge City (Eng),Cambridge Utd (Eng),"[17.05, 8.17, 1.1]",https://www.oddsportal.com/matches/baseball/20250706/
FSV Frankfurt (Ger),Dusseldorf II (Ger),"[2.22, 3.65, 2.64]",https://www.oddsportal.com/matches/baseball/20250706/
Karlsruher SC (Ger),Aarau (Sui),"[1.74, 4.04, 3.74]",https://www.oddsportal.com/matches/baseball/20250706/
Den Bosch (Ned),Roda (Ned),"[2.27, 3.51, 2.61]",https://www.oddsportal.com/matches/baseball/20250706/
Venlo (Ned),B. Monchengladbach II (Ger),"[1.7, 3.77, 4.0]",https://www.oddsportal.com/matches/baseball/20250706/
Boreham Wood (Eng),Luton (Eng),"[6.54, 4.75, 1.38]",https://www.oddsportal.com/matches/baseball/20250706/
Wiedenbruck (Ger),Arminia Bielefeld (Ger),"[10.83, 7.63, 1.15]",https://www.oddsportal.com/matches/baseball/20250706/
Dortmund II (Ger),Werder Bremen II (Ger),"[2.07, 3.47, 2.98]",https://www.oddsportal.com/matches/baseball/20250706/
Krasnodar (Rus),FK Rostov (Rus),"[1.68, 3.43, 5.44]",https://www.oddsportal.com/matches/baseball/20250706/
Llandudno (Wal),Bangor 1876 (Wal),"[1.26, 5.56, 7.76]",https://www.oddsportal.com/matches/baseball/20250706/
Brentwood (Eng),Leyton Orient (Eng),"[13.2, 8.32, 1.15]",https://www.oddsportal.com/matches/baseball/20250706/
KV Mechelen (Bel),RAAL La Louviere (Bel),"[1.8, 3.67, 3.61]",https://www.oddsportal.com/matches/baseball/20250706/
Nijmegen (Ned),Lotte (Ger),"[1.18, 6.85, 10.17]",https://www.oddsportal.com/matches/baseball/20250706/
Thailand W,India W,"[1.78, 3.98, 3.36]",https://www.oddsportal.com/matches/baseball/20250706/
Les Astres,Bamboutos FC,"[3.3, 3.2, 2.03]",https://www.oddsportal.com/matches/baseball/20250706/
Fortuna Mfou,Dynamo Douala,"[2.17, 3.42, 2.82]",https://www.oddsportal.com/matches/baseball/20250706/
Mighty Tigers,Mzuzu City,"[2.11, 2.94, 3.52]",https://www.oddsportal.com/matches/baseball/20250706/
Utrecht (Ned),Cercle Brugge KSV (Bel),"[1.72, 3.98, 4.13]",https://www.oddsportal.com/matches/baseball/20250706/
South Africa U20,Zambia U20,"[2.25, 3.3, 3.2]",https://www.oddsportal.com/matches/baseball/20250706/
Sao Bento U20,RB Bragantino U20,"[11.48, 6.26, 1.18]",https://www.oddsportal.com/matches/baseball/20250706/
JBK,TP-47,"[1.91, 4.09, 3.02]",https://www.oddsportal.com/matches/baseball/20250706/
Honka W,KTP W,"[2.51, 3.95, 2.18]",https://www.oddsportal.com/matches/baseball/20250706/
KPV Kokkola,Tampere Utd,"[2.24, 3.58, 2.7]",https://www.oddsportal.com/matches/baseball/20250706/
Zhenis,Ulytau,"[1.78, 3.29, 4.44]",https://www.oddsportal.com/matches/baseball/20250706/
Kyzylzhar,Ordabasy,"[3.16, 2.96, 2.29]",https://www.oddsportal.com/matches/baseball/20250706/
Alberts JDFS,Augsdaugavas,"[1.12, 8.17, 15.33]",https://www.oddsportal.com/matches/baseball/20250706/
Bourj FC,Racing,"[1.71, 3.5, 4.15]",https://www.oddsportal.com/matches/baseball/20250706/
Cheng Fung,Shao Jiang,"[42.6, 16.2, 1.03]",https://www.oddsportal.com/matches/baseball/20250706/
V. Haugesund,Lysekloster,"[1.77, 3.79, 3.74]",https://www.oddsportal.com/matches/baseball/20250706/
Pors,Arendal,"[3.95, 4.09, 1.67]",https://www.oddsportal.com/matches/baseball/20250706/
Notodden,Flekkeroy,"[2.08, 3.51, 3.02]",https://www.oddsportal.com/matches/baseball/20250706/
Spjelkavik,Ranheim 2,"[1.21, 6.29, 7.11]",https://www.oddsportal.com/matches/baseball/20250706/
Byasen,Nardo,"[2.52, 3.82, 2.15]",https://www.oddsportal.com/matches/baseball/20250706/
Elverum,Bjorkelangen,"[1.59, 4.25, 3.88]",https://www.oddsportal.com/matches/baseball/20250706/
Skjetten,Lorenskog,"[4.76, 4.82, 1.43]",https://www.oddsportal.com/matches/baseball/20250706/
Guarani de Fram,Resistencia,"[2.5, 2.99, 2.71]",https://www.oddsportal.com/matches/baseball/20250706/
Fernando de la Mora,Sol de America,"[2.14, 3.18, 3.12]",https://www.oddsportal.com/matches/baseball/20250706/
GAIS,Malmo FF,"[2.65, 3.32, 2.6]",https://www.oddsportal.com/matches/baseball/20250706/
Oster,Mjallby,"[4.77, 3.94, 1.67]",https://www.oddsportal.com/matches/baseball/20250706/
Colon,Uruguay Montevideo,"[2.47, 3.07, 2.72]",https://www.oddsportal.com/matches/baseball/20250706/
Glenavon (Nir),Aue (Ger),"[22.58, 7.91, 1.07]",https://www.oddsportal.com/matches/baseball/20250706/
Cleethorpes (Eng),Grimsby (Eng),"[5.29, 4.88, 1.44]",https://www.oddsportal.com/matches/baseball/20250706/
Oss (Ned),NAC Breda (Ned),"[4.23, 4.35, 1.61]",https://www.oddsportal.com/matches/baseball/20250706/
Cambuur (Ned),Feyenoord (Ned),"[6.55, 5.05, 1.35]",https://www.oddsportal.com/matches/baseball/20250706/
Stranraer (Sco),Crusaders (Nir),"[2.74, 3.4, 2.24]",https://www.oddsportal.com/matches/baseball/20250706/
CSKA Moscow (Rus),OFK Beograd (Srb),"[1.13, 7.96, 16.3]",https://www.oddsportal.com/matches/baseball/20250706/
Forfar Athletic (Sco),St Johnstone (Sco),"[5.3, 4.2, 1.51]",https://www.oddsportal.com/matches/baseball/20250706/
Altach (Aut),Basel (Sui),"[5.42, 4.2, 1.49]",https://www.oddsportal.com/matches/baseball/20250706/
Lichfield (Eng),Tamworth (Eng),"[8.24, 5.69, 1.22]",https://www.oddsportal.com/matches/baseball/20250706/
Falkirk (Sco),Raith (Sco),"[1.7, 3.76, 4.18]",https://www.oddsportal.com/matches/baseball/20250706/
Arbroath (Sco),Dundee Utd (Sco),"[4.57, 4.04, 1.7]",https://www.oddsportal.com/matches/baseball/20250706/
Crumlin United (Nir),Ballyclare (Nir),"[14.47, 6.36, 1.13]",https://www.oddsportal.com/matches/baseball/20250706/
Livingston (Sco),Kortrijk (Bel),"[3.84, 4.1, 1.71]",https://www.oddsportal.com/matches/baseball/20250706/
East Kilbride (Sco),Morton (Sco),"[2.64, 3.46, 2.28]",https://www.oddsportal.com/matches/baseball/20250706/
Chicken Inn,Yadah,"[2.53, 2.61, 3.01]",https://www.oddsportal.com/matches/baseball/20250706/
Smorgon,FC Gomel,"[4.59, 3.69, 1.72]",https://www.oddsportal.com/matches/baseball/20250706/
Melhus,Aalesund 2,"[1.16, 6.43, 8.84]",https://www.oddsportal.com/matches/baseball/20250706/
Barry (Wal),Newport City (Wal),"[1.45, 4.36, 5.42]",https://www.oddsportal.com/matches/baseball/20250706/
Connahs Q. (Wal),Mold Alexandra (Wal),"[1.32, 4.84, 6.92]",https://www.oddsportal.com/matches/baseball/20250706/
VfL Osnabruck (Ger),Plzen (Cze),"[5.09, 4.42, 1.49]",https://www.oddsportal.com/matches/baseball/20250706/
Dunbar United (Sco),East Fife (Sco),"[6.73, 5.31, 1.29]",https://www.oddsportal.com/matches/baseball/20250706/
Margate (Eng),Tonbridge (Eng),"[2.84, 3.51, 2.12]",https://www.oddsportal.com/matches/baseball/20250706/
Vila Nova FC W,Itabirito W,"[2.01, 3.4, 3.15]",https://www.oddsportal.com/matches/baseball/20250706/
Barra FC U20,Avai U20,"[1.69, 3.59, 4.19]",https://www.oddsportal.com/matches/baseball/20250706/
Narva,Kuressaare,"[1.45, 4.38, 5.62]",https://www.oddsportal.com/matches/baseball/20250706/
Glentoran W,Bohemians WFC W,"[1.39, 4.75, 5.93]",https://www.oddsportal.com/matches/baseball/20250706/
TB Tvoroyri,NSI Runavik,"[17.81, 10.88, 1.06]",https://www.oddsportal.com/matches/baseball/20250706/
FC Suduroy,07 Vestur Sorvagur,"[3.56, 3.78, 1.84]",https://www.oddsportal.com/matches/baseball/20250706/
HPS W,VIFK W,"[1.29, 5.4, 6.54]",https://www.oddsportal.com/matches/baseball/20250706/
SJK,Ilves,"[3.01, 3.77, 2.13]",https://www.oddsportal.com/matches/baseball/20250706/
Vestri,Valur,"[4.43, 3.99, 1.66]",https://www.oddsportal.com/matches/baseball/20250706/
Akranes,Fram,"[2.7, 3.7, 2.29]",https://www.oddsportal.com/matches/baseball/20250706/
Viking,Stromsgodset,"[1.25, 6.44, 9.09]",https://www.oddsportal.com/matches/baseball/20250706/
Brackley Town (Eng),Northampton (Eng),"[4.12, 3.67, 1.74]",https://www.oddsportal.com/matches/baseball/20250706/
Witton (Eng),Salford (Eng),"[24.33, 8.93, 1.09]",https://www.oddsportal.com/matches/baseball/20250706/
UNA (Ned),Eindhoven FC (Ned),"[9.63, 6.07, 1.2]",https://www.oddsportal.com/matches/baseball/20250706/
Kidsgrove (Eng),Crewe (Eng),"[12.23, 7.54, 1.14]",https://www.oddsportal.com/matches/baseball/20250706/
Bregenz (Aut),Stuttgart II (Ger),"[2.82, 3.77, 2.03]",https://www.oddsportal.com/matches/baseball/20250706/
Hemel Hempstead (Eng),Barnet (Eng),"[4.91, 4.43, 1.52]",https://www.oddsportal.com/matches/baseball/20250706/
Spartans (Sco),Clydebank FC (Sco),"[1.58, 4.28, 4.3]",https://www.oddsportal.com/matches/baseball/20250706/
Worksop (Eng),Barnsley (Eng),"[6.84, 4.91, 1.34]",https://www.oddsportal.com/matches/baseball/20250706/
Brechin (Sco),Dundee FC (Sco),"[9.23, 6.72, 1.19]",https://www.oddsportal.com/matches/baseball/20250706/
Bamber Bridge (Eng),Fleetwood (Eng),"[6.6, 4.42, 1.4]",https://www.oddsportal.com/matches/baseball/20250706/
Chorley (Eng),Wigan (Eng),"[4.43, 4.02, 1.63]",https://www.oddsportal.com/matches/baseball/20250706/
Kelty Hearts (Sco),Dunfermline (Sco),"[2.92, 3.65, 2.07]",https://www.oddsportal.com/matches/baseball/20250706/
Slask Wroclaw (Pol),FK Pardubice (Cze),"[2.89, 3.96, 2.04]",https://www.oddsportal.com/matches/baseball/20250706/
Alfreton (Eng),Notts Co (Eng),"[5.71, 4.42, 1.5]",https://www.oddsportal.com/matches/baseball/20250706/
Coleraine (Nir),H&W Welders (Nir),"[1.38, 4.56, 6.9]",https://www.oddsportal.com/matches/baseball/20250706/
Aigle Moungo,Victoria United,"[1.72, 3.79, 3.79]",https://www.oddsportal.com/matches/baseball/20250706/
SK Rapid (Aut),Artis Brno (Cze),"[1.6, 4.06, 4.5]",https://www.oddsportal.com/matches/baseball/20250706/
AZ Alkmaar (Ned),Waregem (Bel),"[1.6, 4.01, 4.68]",https://www.oddsportal.com/matches/baseball/20250706/
Shelbourne W,Treaty Utd W,"[1.17, 6.5, 10.9]",https://www.oddsportal.com/matches/baseball/20250706/
Aktobe,Atyrau,"[1.34, 4.74, 7.28]",https://www.oddsportal.com/matches/baseball/20250706/
Yelimay Semey,Tobol,"[2.42, 3.11, 2.8]",https://www.oddsportal.com/matches/baseball/20250706/
Marupe,JFK Ventspils,"[2.35, 3.5, 2.39]",https://www.oddsportal.com/matches/baseball/20250706/
RFS 2,Riga Mariners,"[2.33, 4.24, 2.14]",https://www.oddsportal.com/matches/baseball/20250706/
Auda,Jelgava,"[1.44, 4.39, 5.71]",https://www.oddsportal.com/matches/baseball/20250706/
Hegelmann,Siauliai FA,"[1.7, 3.63, 4.29]",https://www.oddsportal.com/matches/baseball/20250706/
Riteriai,Kauno Zalgiris,"[11.1, 5.09, 1.24]",https://www.oddsportal.com/matches/baseball/20250706/
Petrocub,Politehnica UTM,"[1.16, 6.75, 11.9]",https://www.oddsportal.com/matches/baseball/20250706/
Andijan,Bunyodkor,"[2.58, 3.19, 2.55]",https://www.oddsportal.com/matches/baseball/20250706/
Mashal Muborak,OKMK,"[5.2, 3.62, 1.61]",https://www.oddsportal.com/matches/baseball/20250706/
Petrzalka (Svk),Taborsko (Cze),"[3.86, 4.1, 1.67]",https://www.oddsportal.com/matches/baseball/20250706/
Sturm Graz (Aut),Mura (Slo),"[1.33, 5.02, 6.94]",https://www.oddsportal.com/matches/baseball/20250706/
FC United (Eng),Bradford City (Eng),"[12.4, 6.58, 1.19]",https://www.oddsportal.com/matches/baseball/20250706/
Rentistas,Rampla Juniors,"[2.24, 2.86, 3.3]",https://www.oddsportal.com/matches/baseball/20250706/
Uzbekistan W,Nepal W,"[1.6, 4.53, 3.78]",https://www.oddsportal.com/matches/baseball/20250706/
Hammarby,Varnamo,"[1.35, 5.08, 7.93]",https://www.oddsportal.com/matches/baseball/20250706/
Siroki Brijeg (Bih),D. Zagreb (Cro),"[6.37, 4.38, 1.37]",https://www.oddsportal.com/matches/baseball/20250706/
Domzale (Slo),Cukaricki (Srb),"[5.17, 5.0, 1.41]",https://www.oddsportal.com/matches/baseball/20250706/
Napredak (Srb),Ruzomberok (Svk),"[2.62, 3.27, 2.39]",https://www.oddsportal.com/matches/baseball/20250706/
Slavia Mozyr,Vitebsk,"[1.83, 3.51, 4.16]",https://www.oddsportal.com/matches/baseball/20250706/
USM Alger,CR Belouizdad,"[2.85, 2.57, 2.72]",https://www.oddsportal.com/matches/baseball/20250706/
Argentino de Merlo,Excursionistas,"[2.12, 2.93, 3.53]",https://www.oddsportal.com/matches/baseball/20250706/
CD Santa Cruz,Deportes Temuco,"[2.23, 3.46, 2.84]",https://www.oddsportal.com/matches/baseball/20250706/
Galway United W,Shamrock Rovers W,"[2.12, 3.8, 2.75]",https://www.oddsportal.com/matches/baseball/20250706/
Wales W,Netherlands W,"[12.42, 6.38, 1.21]",https://www.oddsportal.com/matches/baseball/20250706/
VPS,HJK,"[4.12, 3.86, 1.76]",https://www.oddsportal.com/matches/baseball/20250706/
Klubi 04,Ekenas,"[2.61, 3.86, 2.23]",https://www.oddsportal.com/matches/baseball/20250706/
Vestmannaeyjar,Vikingur Reykjavik,"[4.69, 4.06, 1.61]",https://www.oddsportal.com/matches/baseball/20250706/
Kopavogur,Volsungur,"[1.32, 5.25, 6.65]",https://www.oddsportal.com/matches/baseball/20250706/
Valerenga,Fredrikstad,"[2.15, 3.39, 3.33]",https://www.oddsportal.com/matches/baseball/20250706/
Slavia Prague (Cze),BW Linz (Aut),"[1.35, 4.94, 8.38]",https://www.oddsportal.com/matches/baseball/20250706/
Kapfenberg (Aut),Wolfsberger AC (Aut),"[6.51, 5.06, 1.39]",https://www.oddsportal.com/matches/baseball/20250706/
Yverdon (Sui),Prishtina Bern (Sui),"[1.15, 6.63, 12.13]",https://www.oddsportal.com/matches/baseball/20250706/
PSG,Bayern Munich,"[2.25, 3.6, 3.04]",https://www.oddsportal.com/matches/baseball/20250706/
Toftir,Streymur,"[2.17, 3.45, 2.93]",https://www.oddsportal.com/matches/baseball/20250706/
Old Edwardians,Bullom Stars,"[2.14, 2.76, 3.7]",https://www.oddsportal.com/matches/baseball/20250706/
East End Lions,Mighty Blackpool,"[1.32, 4.46, 8.8]",https://www.oddsportal.com/matches/baseball/20250706/
Santiago City,Brujas Salamanca,"[2.1, 3.49, 2.98]",https://www.oddsportal.com/matches/baseball/20250706/
Skanste,Ogre United,"[2.13, 3.62, 2.62]",https://www.oddsportal.com/matches/baseball/20250706/
St Etienne (Fra),Etoile-Carouge (Sui),"[1.45, 4.44, 5.6]",https://www.oddsportal.com/matches/baseball/20250706/
Guillermo Brown,Kimberley,"[2.57, 2.97, 2.61]",https://www.oddsportal.com/matches/baseball/20250706/
Milsami,Sheriff Tiraspol,"[4.21, 4.0, 1.62]",https://www.oddsportal.com/matches/baseball/20250706/
FCSB,CFR Cluj,"[2.23, 3.09, 3.2]",https://www.oddsportal.com/matches/baseball/20250706/
Sporting Kansas City II,Portland Timbers 2,"[2.27, 3.98, 2.43]",https://www.oddsportal.com/matches/baseball/20250706/
Sao Goncalo,Goncalense,"[1.88, 3.13, 4.19]",https://www.oddsportal.com/matches/baseball/20250706/
Americano,Audax RJ,"[2.48, 2.84, 2.87]",https://www.oddsportal.com/matches/baseball/20250706/
Resende,Bangu,"[2.27, 2.81, 3.35]",https://www.oddsportal.com/matches/baseball/20250706/
Odra Opole (Pol),Zaglebie (Pol),"[3.23, 3.27, 2.0]",https://www.oddsportal.com/matches/baseball/20250706/
BATE,FC Minsk,"[1.87, 3.62, 3.81]",https://www.oddsportal.com/matches/baseball/20250706/
Brown Adrogue,Acassuso,"[2.2, 2.87, 3.41]",https://www.oddsportal.com/matches/baseball/20250706/
Los Andes,Colegiales,"[2.08, 2.87, 3.95]",https://www.oddsportal.com/matches/baseball/20250706/
San Telmo,Estudiantes Rio Cuarto,"[2.91, 2.79, 2.62]",https://www.oddsportal.com/matches/baseball/20250706/
Deportivo Rincon,Olimpo Bahia Blanca,"[2.33, 3.04, 2.86]",https://www.oddsportal.com/matches/baseball/20250706/
Independiente Chivilcoy,Sportivo Las Parejas,"[1.73, 3.44, 4.23]",https://www.oddsportal.com/matches/baseball/20250706/
Boca Unidos,Juventud Antoniana,"[2.33, 3.0, 2.93]",https://www.oddsportal.com/matches/baseball/20250706/
Fluminense de Feira,Bahia de Feira,"[2.06, 3.04, 3.43]",https://www.oddsportal.com/matches/baseball/20250706/
Vitoria W,Atletico-MG W,"[3.59, 3.39, 1.88]",https://www.oddsportal.com/matches/baseball/20250706/
Santos W,Acao W,"[1.11, 6.92, 16.07]",https://www.oddsportal.com/matches/baseball/20250706/
Blumenau,Gremio Juventus,"[2.01, 3.09, 3.55]",https://www.oddsportal.com/matches/baseball/20250706/
Camboriu,Porto-SC,"[1.21, 7.0, 8.55]",https://www.oddsportal.com/matches/baseball/20250706/
Rio Branco SP,Paulista,"[2.31, 3.18, 2.85]",https://www.oddsportal.com/matches/baseball/20250706/
Santo Andre,Sao Caetano,"[1.82, 3.12, 4.38]",https://www.oddsportal.com/matches/baseball/20250706/
Taubate U20,Ferroviaria U20,"[6.84, 4.91, 1.33]",https://www.oddsportal.com/matches/baseball/20250706/
Piracicaba U20,Guarani U20,"[4.71, 3.33, 1.69]",https://www.oddsportal.com/matches/baseball/20250706/
Santos U20,Ponte Preta U20,"[1.53, 4.06, 4.76]",https://www.oddsportal.com/matches/baseball/20250706/
Botafogo SP U20,Ituano U20,"[2.51, 3.5, 2.36]",https://www.oddsportal.com/matches/baseball/20250706/
Palmeiras U20,Corinthians U20,"[1.32, 4.88, 7.17]",https://www.oddsportal.com/matches/baseball/20250706/
XV de Jau U20,Ibrachina U20,"[2.2, 3.32, 2.86]",https://www.oddsportal.com/matches/baseball/20250706/
Sao Paulo U20,Comercial FC - Tiete U20,"[1.09, 8.11, 14.23]",https://www.oddsportal.com/matches/baseball/20250706/
Flamengo SP U20,Maua U20,"[2.38, 3.32, 2.6]",https://www.oddsportal.com/matches/baseball/20250706/
Nova Iguacu,Pouso Alegre,"[1.92, 3.24, 3.64]",https://www.oddsportal.com/matches/baseball/20250706/
Cianorte,Monte Azul,"[1.77, 3.43, 4.05]",https://www.oddsportal.com/matches/baseball/20250706/
Kristiansund,Bodo/Glimt,"[7.15, 5.31, 1.36]",https://www.oddsportal.com/matches/baseball/20250706/
Comerciantes Unidos,Ayacucho,"[2.28, 3.24, 3.03]",https://www.oddsportal.com/matches/baseball/20250706/
Cerrito,Albion,"[3.93, 3.39, 1.82]",https://www.oddsportal.com/matches/baseball/20250706/
Deportivo Armenio,Sacachispas,"[2.19, 2.87, 3.48]",https://www.oddsportal.com/matches/baseball/20250706/
Argentino de Quilmes,Midland,"[2.87, 2.92, 2.46]",https://www.oddsportal.com/matches/baseball/20250706/
Villa Dalmine,Sportivo Italiano,"[2.19, 2.87, 3.44]",https://www.oddsportal.com/matches/baseball/20250706/
Flandria,UAI Urquiza,"[2.37, 2.77, 3.19]",https://www.oddsportal.com/matches/baseball/20250706/
Fenix,Real Pilar,"[3.54, 3.01, 2.08]",https://www.oddsportal.com/matches/baseball/20250706/
Liniers,Dock Sud,"[2.29, 3.04, 3.05]",https://www.oddsportal.com/matches/baseball/20250706/
Comunicaciones,Dep. Merlo,"[2.28, 2.81, 3.3]",https://www.oddsportal.com/matches/baseball/20250706/
Justo Jose de Urquiza,Mercedes,"[1.82, 3.2, 4.1]",https://www.oddsportal.com/matches/baseball/20250706/
Yupanqui,General Lamadrid,"[2.0, 3.02, 3.57]",https://www.oddsportal.com/matches/baseball/20250706/
Deportivo Camioneros,Estrella Del Sur,"[1.64, 3.34, 4.93]",https://www.oddsportal.com/matches/baseball/20250706/
Argentino de Rosario,Sportivo Barracas,"[2.08, 2.9, 3.51]",https://www.oddsportal.com/matches/baseball/20250706/
Deportivo Paraguayo,Canuelas,"[2.56, 2.9, 2.6]",https://www.oddsportal.com/matches/baseball/20250706/
San Miguel,Deportivo Madryn,"[2.01, 2.82, 4.28]",https://www.oddsportal.com/matches/baseball/20250706/
Almagro,Deportivo Maipu,"[2.03, 2.95, 3.95]",https://www.oddsportal.com/matches/baseball/20250706/
Bartolome Mitre,Sol de America,"[1.93, 3.14, 3.72]",https://www.oddsportal.com/matches/baseball/20250706/
Sligo Rovers,Shamrock Rovers,"[6.94, 4.33, 1.43]",https://www.oddsportal.com/matches/baseball/20250706/
